mean_delta,std_delta,mean_abs_delta,std_abs_delta,max_abs_delta,forward_ratio,backward_ratio,zero_ratio,unique_cache_lines,mean_cl_delta,std_cl_delta,unique_pages,read_ratio,write_ratio,unique_ip_count
92791071019.0,4629196500138.613,463955355165.56,4606777803536.674,46395535517624.0,0.994,0.006,0.0,35,22318776.180360723,64971714749.38307,4,0.0,0.0,6
4.0,0.0,4.0,0.0,4.0,1.0,0.0,0.0,32,0.062,0.24139706934878133,1,0.0,0.0,1
4.0,0.0,4.0,0.0,4.0,1.0,0.0,0.0,33,0.064,0.24499805733146615,2,0.0,0.0,1
4.0,0.0,4.0,0.0,4.0,1.0,0.0,0.0,32,0.062,0.24139706934878133,1,0.0,0.0,1
-9.688,738.7823152150768,103.544,731.539820571761,9596.0,0.994,0.006,0.0,60,-0.152,11.590927279142976,3,0.0,0.0,2
9.696,1470.1291818090044,458.784,1396.5920822604091,9356.0,0.976,0.024,0.0,70,0.152,22.958551482450815,3,0.0,0.0,1
-9.496,1528.590376478318,477.016,1452.1289987470136,9356.0,0.974,0.026,0.0,70,-0.148,23.895272840632238,3,0.0,0.0,1
9.696,1470.1291818090044,458.784,1396.5920822604091,9356.0,0.976,0.024,0.0,67,0.15,22.984430994398636,3,0.0,0.0,1
-9.496,1528.590376478318,477.016,1452.1289987470136,9356.0,0.974,0.026,0.0,65,-0.148,23.895272840632238,3,0.0,0.0,1
