mean_delta,std_delta,mean_abs_delta,std_abs_delta,max_abs_delta,forward_ratio,backward_ratio,zero_ratio,unique_cache_lines,mean_cl_delta,std_cl_delta,unique_pages,read_ratio,write_ratio,unique_ip_count
93388767599.384,4667942681442.987,466943838053.08,4645422943300.748,46694383806616.0,0.994,0.006,0.0,34,8231492.0240480965,65388551385.30657,4,0.0,0.0,6
4.0,0.0,4.0,0.0,4.0,1.0,0.0,0.0,33,0.064,0.24499805733146615,2,0.0,0.0,1
4.0,0.0,4.0,0.0,4.0,1.0,0.0,0.0,32,0.062,0.24139706934878133,1,0.0,0.0,1
4.0,0.0,4.0,0.0,4.0,1.0,0.0,0.0,32,0.062,0.24139706934878133,2,0.0,0.0,1
-5.584,915.8228354194669,193.52,895.1188015776876,8396.0,0.988,0.012,0.0,92,-0.088,14.280901382215943,3,0.0,0.0,2
2.456,987.4375412448729,234.184,959.2115991416364,8276.0,0.986,0.014,0.0,97,0.04,15.429274935981281,3,0.0,0.0,1
2.456,987.437541244873,234.184,959.2115991416365,8276.0,0.986,0.014,0.0,96,0.038,15.446090749405746,3,0.0,0.0,1
-14.336,1054.5439872979662,250.496,1024.3998047167947,8276.0,0.984,0.016,0.0,98,-0.224,16.456715071419445,3,0.0,0.0,1
