mean_delta,std_delta,mean_abs_delta,std_abs_delta,max_abs_delta,forward_ratio,backward_ratio,zero_ratio,unique_cache_lines,mean_cl_delta,std_cl_delta,unique_pages,read_ratio,write_ratio,unique_ip_count
93301817836.664,4651769430615.15,466509089231.864,4629213177863.194,46650908923256.0,0.994,0.006,0.0,36,27132062.739478957,65330224425.51828,5,0.0,0.0,6
4.0,0.0,4.0,0.0,4.0,1.0,0.0,0.0,32,0.062,0.24139706934878133,1,0.0,0.0,1
4.0,0.0,4.0,0.0,4.0,1.0,0.0,0.0,33,0.064,0.24499805733146615,2,0.0,0.0,1
-0.232,637.7683868038715,126.408,625.0900452457474,6396.0,0.99,0.01,0.0,101,-0.004,9.979537380693822,3,0.0,0.0,2
-9.544,752.2213570512392,167.304,733.4040623157487,6316.0,0.986,0.014,0.0,100,-0.15,11.730417955504466,3,0.0,0.0,1
3.248,697.1276040213706,154.832,679.6885144898795,6316.0,0.988,0.012,0.0,100,0.052,10.93583471720032,3,0.0,0.0,1
