mean_delta,std_delta,mean_abs_delta,std_abs_delta,max_abs_delta,forward_ratio,backward_ratio,zero_ratio,unique_cache_lines,mean_cl_delta,std_cl_delta,unique_pages,read_ratio,write_ratio,unique_ip_count
92138407663.704,4595579829832.285,460692038367.064,4573313677450.226,46069203836776.0,0.994,0.006,0.0,36,23862735.55711423,64515026791.05966,4,0.0,0.0,6
4.0,0.0,4.0,0.0,4.0,1.0,0.0,0.0,32,0.062,0.24139706934878133,2,0.0,0.0,1
4.0,0.0,4.0,0.0,4.0,1.0,0.0,0.0,32,0.062,0.24139706934878133,1,0.0,0.0,1
-8.8,286.2167011199731,16.784,285.8589302435731,6396.0,0.998,0.002,0.0,34,-0.136,4.4817045139881095,2,0.0,0.0,2
4.0,0.0,4.0,0.0,4.0,1.0,0.0,0.0,32,0.062,0.24139706934878133,2,0.0,0.0,1
4.0,0.0,4.0,0.0,4.0,1.0,0.0,0.0,32,0.062,0.24139706934878133,1,0.0,0.0,1
