mean_delta,std_delta,mean_abs_delta,std_abs_delta,max_abs_delta,forward_ratio,backward_ratio,zero_ratio,unique_cache_lines,mean_cl_delta,std_cl_delta,unique_pages,read_ratio,write_ratio,unique_ip_count
91721525869.848,4586121182818.785,458607629419.8,4564010819285.502,45860762943048.0,0.994,0.006,0.0,34,5696541.939879759,64221061288.4641,4,0.0,0.0,6
4.0,0.0,4.0,0.0,4.0,1.0,0.0,0.0,33,0.064,0.24499805733146615,2,0.0,0.0,1
4.0,0.0,4.0,0.0,4.0,1.0,0.0,0.0,32,0.062,0.24139706934878133,1,0.0,0.0,1
4.0,0.0,4.0,0.0,4.0,1.0,0.0,0.0,32,0.062,0.24139706934878133,2,0.0,0.0,1
-15.2,429.3250516799596,23.184,428.96728080355973,9596.0,0.998,0.002,0.0,32,-0.238,6.670408135142763,2,0.0,0.0,2
4.0,0.0,4.0,0.0,4.0,1.0,0.0,0.0,33,0.064,0.24499805733146615,2,0.0,0.0,1
4.0,0.0,4.0,0.0,4.0,1.0,0.0,0.0,32,0.062,0.24139706934878133,1,0.0,0.0,1
4.0,0.0,4.0,0.0,4.0,1.0,0.0,0.0,32,0.062,0.24139706934878133,1,0.0,0.0,1
4.0,0.0,4.0,0.0,4.0,1.0,0.0,0.0,32,0.062,0.24139706934878133,2,0.0,0.0,1
