mean_delta,std_delta,mean_abs_delta,std_abs_delta,max_abs_delta,forward_ratio,backward_ratio,zero_ratio,unique_cache_lines,mean_cl_delta,std_cl_delta,unique_pages,read_ratio,write_ratio,unique_ip_count
91787722334.136,4576134001413.571,458938611741.24,4553943074498.346,45893861175192.0,0.994,0.006,0.0,35,26929401.783567134,64270099492.554955,4,0.0,0.0,6
4.0,0.0,4.0,0.0,4.0,1.0,0.0,0.0,32,0.062,0.24139706934878133,2,0.0,0.0,1
4.0,0.0,4.0,0.0,4.0,1.0,0.0,0.0,32,0.062,0.24139706934878133,1,0.0,0.0,1
4.0,0.0,4.0,0.0,4.0,1.0,0.0,0.0,32,0.062,0.24139706934878133,2,0.0,0.0,1
-15.2,429.3250516799596,23.184,428.96728080355973,9596.0,0.998,0.002,0.0,34,-0.236,6.71554175044754,2,0.0,0.0,2
4.0,0.0,4.0,0.0,4.0,1.0,0.0,0.0,32,0.062,0.24139706934878133,2,0.0,0.0,1
4.0,0.0,4.0,0.0,4.0,1.0,0.0,0.0,32,0.062,0.24139706934878133,1,0.0,0.0,1
4.0,0.0,4.0,0.0,4.0,1.0,0.0,0.0,32,0.062,0.24139706934878133,2,0.0,0.0,1
4.0,0.0,4.0,0.0,4.0,1.0,0.0,0.0,33,0.064,0.24499805733146615,1,0.0,0.0,1
