mean_delta,std_delta,mean_abs_delta,std_abs_delta,max_abs_delta,forward_ratio,backward_ratio,zero_ratio,unique_cache_lines,mean_cl_delta,std_cl_delta,unique_pages,read_ratio,write_ratio,unique_ip_count
92076094617.56,4604189925212.291,460380473143.96,4581995737089.757,46038047315704.0,0.994,0.006,0.0,35,5183032.853707415,64469298641.22928,4,0.0,0.0,6
4.0,0.0,4.0,0.0,4.0,1.0,0.0,0.0,32,0.062,0.24139706934878133,2,0.0,0.0,1
4.0,0.0,4.0,0.0,4.0,1.0,0.0,0.0,32,0.062,0.24139706934878133,1,0.0,0.0,1
4.0,0.0,4.0,0.0,4.0,1.0,0.0,0.0,33,0.064,0.24499805733146615,2,0.0,0.0,1
-12.8,375.6594202199647,20.784,375.30164934356475,8396.0,0.998,0.002,0.0,33,-0.2,5.866244595250236,2,0.0,0.0,2
4.0,0.0,4.0,0.0,4.0,1.0,0.0,0.0,32,0.062,0.24139706934878133,2,0.0,0.0,1
4.0,0.0,4.0,0.0,4.0,1.0,0.0,0.0,32,0.062,0.24139706934878133,1,0.0,0.0,1
4.0,0.0,4.0,0.0,4.0,1.0,0.0,0.0,32,0.062,0.24139706934878133,2,0.0,0.0,1
