mean_delta,std_delta,mean_abs_delta,std_abs_delta,max_abs_delta,forward_ratio,backward_ratio,zero_ratio,unique_cache_lines,mean_cl_delta,std_cl_delta,unique_pages,read_ratio,write_ratio,unique_ip_count
92444274183.32,4618725506049.557,462221370965.144,4596423786045.682,46222137096584.0,0.994,0.006,0.0,35,11326241.46492986,64727478550.65304,5,0.0,0.0,6
4.0,0.0,4.0,0.0,4.0,1.0,0.0,0.0,33,0.064,0.24499805733146615,1,0.0,0.0,1
4.0,0.0,4.0,0.0,4.0,1.0,0.0,0.0,32,0.062,0.24139706934878133,2,0.0,0.0,1
-8.8,286.2167011199731,16.784,285.8589302435731,6396.0,0.998,0.002,0.0,32,-0.138,4.436476151325797,3,0.0,0.0,2
4.0,0.0,4.0,0.0,4.0,1.0,0.0,0.0,32,0.062,0.24139706934878133,1,0.0,0.0,1
4.0,0.0,4.0,0.0,4.0,1.0,0.0,0.0,33,0.064,0.24499805733146615,2,0.0,0.0,1
